"ciudad";"codigoDane";"departamento";"bodega";"codigoBodega"
"Vigía Del Fuerte";"05873000";"Antioquia";"Bogotá";"ECF1"
"Barranquilla";"08001000";"Atlántico";"Bogotá";"ECF1"
"Baranoa";"08078000";"Atlántico";"Bogotá";"ECF1"
"Campo De La Cruz";"08137000";"Atlántico";"Bogotá";"ECF1"
"Candelaria";"08141000";"Atlántico";"Bogotá";"ECF1"
"Galapa";"08296000";"Atlántico";"Bogotá";"ECF1"
"Juan De Acosta";"08372000";"Atlántico";"Bogotá";"ECF1"
"Luruaco";"08421000";"Atlántico";"Bogotá";"ECF1"
"Malambo";"08433000";"Atlántico";"Bogotá";"ECF1"
"Manatí";"08436000";"Atlántico";"Bogotá";"ECF1"
"Palmar De Varela";"08520000";"Atlántico";"Bogotá";"ECF1"
"Piojó";"08549000";"Atlántico";"Bogotá";"ECF1"
"Polonuevo";"08558000";"Atlántico";"Bogotá";"ECF1"
"Ponedera";"08560000";"Atlántico";"Bogotá";"ECF1"
"Puerto Colombia";"08573000";"Atlántico";"Bogotá";"ECF1"
"Repelón";"08606000";"Atlántico";"Bogotá";"ECF1"
"Sabanagrande";"08634000";"Atlántico";"Bogotá";"ECF1"
"Sabanalarga";"08638000";"Atlántico";"Bogotá";"ECF1"
"Santa Lucía";"08675000";"Atlántico";"Bogotá";"ECF1"
"Santo Tomás";"08685000";"Atlántico";"Bogotá";"ECF1"
"Soledad";"08758000";"Atlántico";"Bogotá";"ECF1"
"Suan";"08770000";"Atlántico";"Bogotá";"ECF1"
"Tubará";"08832000";"Atlántico";"Bogotá";"ECF1"
"Usiacurí";"08849000";"Atlántico";"Bogotá";"ECF1"
"Bogotá, D.C.";"11001000";"Bogotá, D. C.";"Bogotá";"ECF1"
"Cartagena De Indias";"13001000";"Bolívar";"Bogotá";"ECF1"
"Achí";"13006000";"Bolívar";"Bogotá";"ECF1"
"Altos Del Rosario";"13030000";"Bolívar";"Bogotá";"ECF1"
"Arenal";"13042000";"Bolívar";"Bogotá";"ECF1"
"Arjona";"13052000";"Bolívar";"Bogotá";"ECF1"
"Arroyohondo";"13062000";"Bolívar";"Bogotá";"ECF1"
"Barranco De Loba";"13074000";"Bolívar";"Bogotá";"ECF1"
"Calamar";"13140000";"Bolívar";"Bogotá";"ECF1"
"Cantagallo";"13160000";"Bolívar";"Bogotá";"ECF1"
"Cicuco";"13188000";"Bolívar";"Bogotá";"ECF1"
"Córdoba";"13212000";"Bolívar";"Bogotá";"ECF1"
"Clemencia";"13222000";"Bolívar";"Bogotá";"ECF1"
"El Guamo";"13248000";"Bolívar";"Bogotá";"ECF1"
"El Peñón";"13268000";"Bolívar";"Bogotá";"ECF1"
"Hatillo De Loba";"13300000";"Bolívar";"Bogotá";"ECF1"
"Mahates";"13433000";"Bolívar";"Bogotá";"ECF1"
"Margarita";"13440000";"Bolívar";"Bogotá";"ECF1"
"María La Baja";"13442000";"Bolívar";"Bogotá";"ECF1"
"Montecristo";"13458000";"Bolívar";"Bogotá";"ECF1"
"Morales";"13473000";"Bolívar";"Bogotá";"ECF1"
"Norosí";"13490000";"Bolívar";"Bogotá";"ECF1"
"Pinillos";"13549000";"Bolívar";"Bogotá";"ECF1"
"Regidor";"13580000";"Bolívar";"Bogotá";"ECF1"
"Río Viejo";"13600000";"Bolívar";"Bogotá";"ECF1"
"San Cristóbal";"13620000";"Bolívar";"Bogotá";"ECF1"
"San Estanislao De Kostka";"13647000";"Bolívar";"Bogotá";"ECF1"
"San Fernando";"13650000";"Bolívar";"Bogotá";"ECF1"
"San Jacinto Del Cauca";"13655000";"Bolívar";"Bogotá";"ECF1"
"San Martín De Loba";"13667000";"Bolívar";"Bogotá";"ECF1"
"San Pablo";"13670000";"Bolívar";"Bogotá";"ECF1"
"Santa Catalina";"13673000";"Bolívar";"Bogotá";"ECF1"
"Santa Rosa De Lima";"13683000";"Bolívar";"Bogotá";"ECF1"
"Santa Rosa Del Sur";"13688000";"Bolívar";"Bogotá";"ECF1"
"Simití";"13744000";"Bolívar";"Bogotá";"ECF1"
"Soplaviento";"13760000";"Bolívar";"Bogotá";"ECF1"
"Talaigua Nuevo";"13780000";"Bolívar";"Bogotá";"ECF1"
"Puerto Rico";"13810000";"Bolívar";"Bogotá";"ECF1"
"Turbaco";"13836000";"Bolívar";"Bogotá";"ECF1"
"Turbaná";"13838000";"Bolívar";"Bogotá";"ECF1"
"Villanueva";"13873000";"Bolívar";"Bogotá";"ECF1"
"Zambrano";"13894000";"Bolívar";"Bogotá";"ECF1"
"Tunja";"15001000";"Boyacá";"Bogotá";"ECF1"
"Almeida";"15022000";"Boyacá";"Bogotá";"ECF1"
"Aquitania";"15047000";"Boyacá";"Bogotá";"ECF1"
"Arcabuco";"15051000";"Boyacá";"Bogotá";"ECF1"
"Belén";"15087000";"Boyacá";"Bogotá";"ECF1"
"Berbeo";"15090000";"Boyacá";"Bogotá";"ECF1"
"Betéitiva";"15092000";"Boyacá";"Bogotá";"ECF1"
"Boavita";"15097000";"Boyacá";"Bogotá";"ECF1"
"Boyacá";"15104000";"Boyacá";"Bogotá";"ECF1"
"Briceño";"15106000";"Boyacá";"Bogotá";"ECF1"
"Buenavista";"15109000";"Boyacá";"Bogotá";"ECF1"
"Busbanzá";"15114000";"Boyacá";"Bogotá";"ECF1"
"Caldas";"15131000";"Boyacá";"Bogotá";"ECF1"
"Campohermoso";"15135000";"Boyacá";"Bogotá";"ECF1"
"Cerinza";"15162000";"Boyacá";"Bogotá";"ECF1"
"Chinavita";"15172000";"Boyacá";"Bogotá";"ECF1"
"Chiquinquirá";"15176000";"Boyacá";"Bogotá";"ECF1"
"Chiscas";"15180000";"Boyacá";"Bogotá";"ECF1"
"Chita";"15183000";"Boyacá";"Bogotá";"ECF1"
"Chitaraque";"15185000";"Boyacá";"Bogotá";"ECF1"
"Chivatá";"15187000";"Boyacá";"Bogotá";"ECF1"
"Ciénega";"15189000";"Boyacá";"Bogotá";"ECF1"
"Cómbita";"15204000";"Boyacá";"Bogotá";"ECF1"
"Coper";"15212000";"Boyacá";"Bogotá";"ECF1"
"Corrales";"15215000";"Boyacá";"Bogotá";"ECF1"
"Covarachía";"15218000";"Boyacá";"Bogotá";"ECF1"
"Cubará";"15223000";"Boyacá";"Bogotá";"ECF1"
"Cucaita";"15224000";"Boyacá";"Bogotá";"ECF1"
"Cuítiva";"15226000";"Boyacá";"Bogotá";"ECF1"
"San Pedro De Iguaque";"15232000";"Boyacá";"Bogotá";"ECF1"
"Chivor";"15236000";"Boyacá";"Bogotá";"ECF1"
"Duitama";"15238000";"Boyacá";"Bogotá";"ECF1"
"El Cocuy";"15244000";"Boyacá";"Bogotá";"ECF1"
"El Espino";"15248000";"Boyacá";"Bogotá";"ECF1"
"Firavitoba";"15272000";"Boyacá";"Bogotá";"ECF1"
"Floresta";"15276000";"Boyacá";"Bogotá";"ECF1"
"Gachantivá";"15293000";"Boyacá";"Bogotá";"ECF1"
"Gámeza";"15296000";"Boyacá";"Bogotá";"ECF1"
"Garagoa";"15299000";"Boyacá";"Bogotá";"ECF1"
"Guacamayas";"15317000";"Boyacá";"Bogotá";"ECF1"
"Guateque";"15322000";"Boyacá";"Bogotá";"ECF1"
"Guayatá";"15325000";"Boyacá";"Bogotá";"ECF1"
"Güicán De La Sierra";"15332000";"Boyacá";"Bogotá";"ECF1"
"Iza";"15362000";"Boyacá";"Bogotá";"ECF1"
"Jenesano";"15367000";"Boyacá";"Bogotá";"ECF1"
"Jericó";"15368000";"Boyacá";"Bogotá";"ECF1"
"Labranzagrande";"15377000";"Boyacá";"Bogotá";"ECF1"
"La Capilla";"15380000";"Boyacá";"Bogotá";"ECF1"
"La Victoria";"15401000";"Boyacá";"Bogotá";"ECF1"
"La Uvita";"15403000";"Boyacá";"Bogotá";"ECF1"
"Villa De Leyva";"15407000";"Boyacá";"Bogotá";"ECF1"
"Macanal";"15425000";"Boyacá";"Bogotá";"ECF1"
"Maripí";"15442000";"Boyacá";"Bogotá";"ECF1"
"Miraflores";"15455000";"Boyacá";"Bogotá";"ECF1"
"Mongua";"15464000";"Boyacá";"Bogotá";"ECF1"
"Monguí";"15466000";"Boyacá";"Bogotá";"ECF1"
"Moniquirá";"15469000";"Boyacá";"Bogotá";"ECF1"
"Motavita";"15476000";"Boyacá";"Bogotá";"ECF1"
"Muzo";"15480000";"Boyacá";"Bogotá";"ECF1"
"Nobsa";"15491000";"Boyacá";"Bogotá";"ECF1"
"Nuevo Colón";"15494000";"Boyacá";"Bogotá";"ECF1"
"Oicatá";"15500000";"Boyacá";"Bogotá";"ECF1"
"Otanche";"15507000";"Boyacá";"Bogotá";"ECF1"
"Pachavita";"15511000";"Boyacá";"Bogotá";"ECF1"
"Páez";"15514000";"Boyacá";"Bogotá";"ECF1"
"Paipa";"15516000";"Boyacá";"Bogotá";"ECF1"
"Pajarito";"15518000";"Boyacá";"Bogotá";"ECF1"
"Panqueba";"15522000";"Boyacá";"Bogotá";"ECF1"
"Pauna";"15531000";"Boyacá";"Bogotá";"ECF1"
"Paya";"15533000";"Boyacá";"Bogotá";"ECF1"
"Paz De Río";"15537000";"Boyacá";"Bogotá";"ECF1"
"Pesca";"15542000";"Boyacá";"Bogotá";"ECF1"
"Pisba";"15550000";"Boyacá";"Bogotá";"ECF1"
"Puerto Boyacá";"15572000";"Boyacá";"Bogotá";"ECF1"
"Quípama";"15580000";"Boyacá";"Bogotá";"ECF1"
"Ramiriquí";"15599000";"Boyacá";"Bogotá";"ECF1"
"Ráquira";"15600000";"Boyacá";"Bogotá";"ECF1"
"Rondón";"15621000";"Boyacá";"Bogotá";"ECF1"
"Saboyá";"15632000";"Boyacá";"Bogotá";"ECF1"
"Sáchica";"15638000";"Boyacá";"Bogotá";"ECF1"
"Samacá";"15646000";"Boyacá";"Bogotá";"ECF1"
"San Eduardo";"15660000";"Boyacá";"Bogotá";"ECF1"
"San José De Pare";"15664000";"Boyacá";"Bogotá";"ECF1"
"San Luis De Gaceno";"15667000";"Boyacá";"Bogotá";"ECF1"
"San Mateo";"15673000";"Boyacá";"Bogotá";"ECF1"
"San Miguel De Sema";"15676000";"Boyacá";"Bogotá";"ECF1"
"San Pablo De Borbur";"15681000";"Boyacá";"Bogotá";"ECF1"
"Santana";"15686000";"Boyacá";"Bogotá";"ECF1"
"Santa María";"15690000";"Boyacá";"Bogotá";"ECF1"
"Santa Rosa De Viterbo";"15693000";"Boyacá";"Bogotá";"ECF1"
"Santa Sofía";"15696000";"Boyacá";"Bogotá";"ECF1"
"Sativanorte";"15720000";"Boyacá";"Bogotá";"ECF1"
"Sativasur";"15723000";"Boyacá";"Bogotá";"ECF1"
"Siachoque";"15740000";"Boyacá";"Bogotá";"ECF1"
"Soatá";"15753000";"Boyacá";"Bogotá";"ECF1"
"Socotá";"15755000";"Boyacá";"Bogotá";"ECF1"
"Socha";"15757000";"Boyacá";"Bogotá";"ECF1"
"Sogamoso";"15759000";"Boyacá";"Bogotá";"ECF1"
"Somondoco";"15761000";"Boyacá";"Bogotá";"ECF1"
"Sora";"15762000";"Boyacá";"Bogotá";"ECF1"
"Sotaquirá";"15763000";"Boyacá";"Bogotá";"ECF1"
"Soracá";"15764000";"Boyacá";"Bogotá";"ECF1"
"Susacón";"15774000";"Boyacá";"Bogotá";"ECF1"
"Sutamarchán";"15776000";"Boyacá";"Bogotá";"ECF1"
"Sutatenza";"15778000";"Boyacá";"Bogotá";"ECF1"
"Tasco";"15790000";"Boyacá";"Bogotá";"ECF1"
"Tenza";"15798000";"Boyacá";"Bogotá";"ECF1"
"Tibaná";"15804000";"Boyacá";"Bogotá";"ECF1"
"Tibasosa";"15806000";"Boyacá";"Bogotá";"ECF1"
"Tinjacá";"15808000";"Boyacá";"Bogotá";"ECF1"
"Tipacoque";"15810000";"Boyacá";"Bogotá";"ECF1"
"Toca";"15814000";"Boyacá";"Bogotá";"ECF1"
"Togüí";"15816000";"Boyacá";"Bogotá";"ECF1"
"Tópaga";"15820000";"Boyacá";"Bogotá";"ECF1"
"Tota";"15822000";"Boyacá";"Bogotá";"ECF1"
"Tununguá";"15832000";"Boyacá";"Bogotá";"ECF1"
"Turmequé";"15835000";"Boyacá";"Bogotá";"ECF1"
"Tuta";"15837000";"Boyacá";"Bogotá";"ECF1"
"Tutazá";"15839000";"Boyacá";"Bogotá";"ECF1"
"Úmbita";"15842000";"Boyacá";"Bogotá";"ECF1"
"Ventaquemada";"15861000";"Boyacá";"Bogotá";"ECF1"
"Viracachá";"15879000";"Boyacá";"Bogotá";"ECF1"
"Zetaquira";"15897000";"Boyacá";"Bogotá";"ECF1"
"Florencia";"18001000";"Caquetá";"Bogotá";"ECF1"
"Albania";"18029000";"Caquetá";"Bogotá";"ECF1"
"Belén De Los Andaquíes";"18094000";"Caquetá";"Bogotá";"ECF1"
"Cartagena Del Chairá";"18150000";"Caquetá";"Bogotá";"ECF1"
"Curillo";"18205000";"Caquetá";"Bogotá";"ECF1"
"El Doncello";"18247000";"Caquetá";"Bogotá";"ECF1"
"El Paujíl";"18256000";"Caquetá";"Bogotá";"ECF1"
"La Montañita";"18410000";"Caquetá";"Bogotá";"ECF1"
"Milán";"18460000";"Caquetá";"Bogotá";"ECF1"
"Morelia";"18479000";"Caquetá";"Bogotá";"ECF1"
"Puerto Rico";"18592000";"Caquetá";"Bogotá";"ECF1"
"San José Del Fragua";"18610000";"Caquetá";"Bogotá";"ECF1"
"San Vicente Del Caguán";"18753000";"Caquetá";"Bogotá";"ECF1"
"Solano";"18756000";"Caquetá";"Bogotá";"ECF1"
"Solita";"18785000";"Caquetá";"Bogotá";"ECF1"
"Valparaíso";"18860000";"Caquetá";"Bogotá";"ECF1"
"Piamonte";"19533000";"Cauca";"Bogotá";"ECF1"
"Santa Rosa";"19701000";"Cauca";"Bogotá";"ECF1"
"Sucre";"19785000";"Cauca";"Bogotá";"ECF1"
"Valledupar";"20001000";"Cesar";"Bogotá";"ECF1"
"Aguachica";"20011000";"Cesar";"Bogotá";"ECF1"
"Agustín Codazzi";"20013000";"Cesar";"Bogotá";"ECF1"
"Astrea";"20032000";"Cesar";"Bogotá";"ECF1"
"Becerril";"20045000";"Cesar";"Bogotá";"ECF1"
"Bosconia";"20060000";"Cesar";"Bogotá";"ECF1"
"Chimichagua";"20175000";"Cesar";"Bogotá";"ECF1"
"Chiriguaná";"20178000";"Cesar";"Bogotá";"ECF1"
"Curumaní";"20228000";"Cesar";"Bogotá";"ECF1"
"El Copey";"20238000";"Cesar";"Bogotá";"ECF1"
"El Paso";"20250000";"Cesar";"Bogotá";"ECF1"
"Gamarra";"20295000";"Cesar";"Bogotá";"ECF1"
"González";"20310000";"Cesar";"Bogotá";"ECF1"
"La Gloria";"20383000";"Cesar";"Bogotá";"ECF1"
"La Jagua De Ibirico";"20400000";"Cesar";"Bogotá";"ECF1"
"Manaure Balcón Del Cesar";"20443000";"Cesar";"Bogotá";"ECF1"
"Pailitas";"20517000";"Cesar";"Bogotá";"ECF1"
"Pelaya";"20550000";"Cesar";"Bogotá";"ECF1"
"Pueblo Bello";"20570000";"Cesar";"Bogotá";"ECF1"
"Río De Oro";"20614000";"Cesar";"Bogotá";"ECF1"
"Robles";"20621000";"Cesar";"Bogotá";"ECF1"
"San Alberto";"20710000";"Cesar";"Bogotá";"ECF1"
"San Diego";"20750000";"Cesar";"Bogotá";"ECF1"
"San Martín";"20770000";"Cesar";"Bogotá";"ECF1"
"Tamalameque";"20787000";"Cesar";"Bogotá";"ECF1"
"Agua De Dios";"25001000";"Cundinamarca";"Bogotá";"ECF1"
"Albán";"25019000";"Cundinamarca";"Bogotá";"ECF1"
"Anapoima";"25035000";"Cundinamarca";"Bogotá";"ECF1"
"Anolaima";"25040000";"Cundinamarca";"Bogotá";"ECF1"
"Arbeláez";"25053000";"Cundinamarca";"Bogotá";"ECF1"
"Beltrán";"25086000";"Cundinamarca";"Bogotá";"ECF1"
"Bituima";"25095000";"Cundinamarca";"Bogotá";"ECF1"
"Bojacá";"25099000";"Cundinamarca";"Bogotá";"ECF1"
"Cabrera";"25120000";"Cundinamarca";"Bogotá";"ECF1"
"Cachipay";"25123000";"Cundinamarca";"Bogotá";"ECF1"
"Cajicá";"25126000";"Cundinamarca";"Bogotá";"ECF1"
"Caparrapí";"25148000";"Cundinamarca";"Bogotá";"ECF1"
"Cáqueza";"25151000";"Cundinamarca";"Bogotá";"ECF1"
"Carmen De Carupa";"25154000";"Cundinamarca";"Bogotá";"ECF1"
"Chaguaní";"25168000";"Cundinamarca";"Bogotá";"ECF1"
"Chía";"25175000";"Cundinamarca";"Bogotá";"ECF1"
"Chipaque";"25178000";"Cundinamarca";"Bogotá";"ECF1"
"Choachí";"25181000";"Cundinamarca";"Bogotá";"ECF1"
"Chocontá";"25183000";"Cundinamarca";"Bogotá";"ECF1"
"Cogua";"25200000";"Cundinamarca";"Bogotá";"ECF1"
"Cota";"25214000";"Cundinamarca";"Bogotá";"ECF1"
"Cucunubá";"25224000";"Cundinamarca";"Bogotá";"ECF1"
"El Colegio";"25245000";"Cundinamarca";"Bogotá";"ECF1"
"El Peñón";"25258000";"Cundinamarca";"Bogotá";"ECF1"
"El Rosal";"25260000";"Cundinamarca";"Bogotá";"ECF1"
"Facatativá";"25269000";"Cundinamarca";"Bogotá";"ECF1"
"Fómeque";"25279000";"Cundinamarca";"Bogotá";"ECF1"
"Fosca";"25281000";"Cundinamarca";"Bogotá";"ECF1"
"Funza";"25286000";"Cundinamarca";"Bogotá";"ECF1"
"Fúquene";"25288000";"Cundinamarca";"Bogotá";"ECF1"
"Fusagasugá";"25290000";"Cundinamarca";"Bogotá";"ECF1"
"Gachalá";"25293000";"Cundinamarca";"Bogotá";"ECF1"
"Gachancipá";"25295000";"Cundinamarca";"Bogotá";"ECF1"
"Gachetá";"25297000";"Cundinamarca";"Bogotá";"ECF1"
"Gama";"25299000";"Cundinamarca";"Bogotá";"ECF1"
"Girardot";"25307000";"Cundinamarca";"Bogotá";"ECF1"
"Granada";"25312000";"Cundinamarca";"Bogotá";"ECF1"
"Guachetá";"25317000";"Cundinamarca";"Bogotá";"ECF1"
"Guaduas";"25320000";"Cundinamarca";"Bogotá";"ECF1"
"Guasca";"25322000";"Cundinamarca";"Bogotá";"ECF1"
"Guataquí";"25324000";"Cundinamarca";"Bogotá";"ECF1"
"Guatavita";"25326000";"Cundinamarca";"Bogotá";"ECF1"
"Guayabal De Síquima";"25328000";"Cundinamarca";"Bogotá";"ECF1"
"Guayabetal";"25335000";"Cundinamarca";"Bogotá";"ECF1"
"Gutiérrez";"25339000";"Cundinamarca";"Bogotá";"ECF1"
"Jerusalén";"25368000";"Cundinamarca";"Bogotá";"ECF1"
"Junín";"25372000";"Cundinamarca";"Bogotá";"ECF1"
"La Calera";"25377000";"Cundinamarca";"Bogotá";"ECF1"
"La Mesa";"25386000";"Cundinamarca";"Bogotá";"ECF1"
"La Palma";"25394000";"Cundinamarca";"Bogotá";"ECF1"
"La Peña";"25398000";"Cundinamarca";"Bogotá";"ECF1"
"La Vega";"25402000";"Cundinamarca";"Bogotá";"ECF1"
"Lenguazaque";"25407000";"Cundinamarca";"Bogotá";"ECF1"
"Machetá";"25426000";"Cundinamarca";"Bogotá";"ECF1"
"Madrid";"25430000";"Cundinamarca";"Bogotá";"ECF1"
"Manta";"25436000";"Cundinamarca";"Bogotá";"ECF1"
"Medina";"25438000";"Cundinamarca";"Bogotá";"ECF1"
"Mosquera";"25473000";"Cundinamarca";"Bogotá";"ECF1"
"Nariño";"25483000";"Cundinamarca";"Bogotá";"ECF1"
"Nemocón";"25486000";"Cundinamarca";"Bogotá";"ECF1"
"Nilo";"25488000";"Cundinamarca";"Bogotá";"ECF1"
"Nimaima";"25489000";"Cundinamarca";"Bogotá";"ECF1"
"Nocaima";"25491000";"Cundinamarca";"Bogotá";"ECF1"
"Venecia";"25506000";"Cundinamarca";"Bogotá";"ECF1"
"Pacho";"25513000";"Cundinamarca";"Bogotá";"ECF1"
"Paime";"25518000";"Cundinamarca";"Bogotá";"ECF1"
"Pandi";"25524000";"Cundinamarca";"Bogotá";"ECF1"
"Paratebueno";"25530000";"Cundinamarca";"Bogotá";"ECF1"
"Pasca";"25535000";"Cundinamarca";"Bogotá";"ECF1"
"Puerto Salgar";"25572000";"Cundinamarca";"Bogotá";"ECF1"
"Pulí";"25580000";"Cundinamarca";"Bogotá";"ECF1"
"Quebradanegra";"25592000";"Cundinamarca";"Bogotá";"ECF1"
"Quetame";"25594000";"Cundinamarca";"Bogotá";"ECF1"
"Quipile";"25596000";"Cundinamarca";"Bogotá";"ECF1"
"Apulo";"25599000";"Cundinamarca";"Bogotá";"ECF1"
"Ricaurte";"25612000";"Cundinamarca";"Bogotá";"ECF1"
"San Antonio Del Tequendama";"25645000";"Cundinamarca";"Bogotá";"ECF1"
"San Bernardo";"25649000";"Cundinamarca";"Bogotá";"ECF1"
"Pueblo Nuevo";"25653000";"Cundinamarca";"Bogotá";"ECF1"
"San Francisco";"25658000";"Cundinamarca";"Bogotá";"ECF1"
"San Juan De Rioseco";"25662000";"Cundinamarca";"Bogotá";"ECF1"
"Sasaima";"25718000";"Cundinamarca";"Bogotá";"ECF1"
"Sesquilé";"25736000";"Cundinamarca";"Bogotá";"ECF1"
"Sibaté";"25740000";"Cundinamarca";"Bogotá";"ECF1"
"Silvania";"25743000";"Cundinamarca";"Bogotá";"ECF1"
"Simijaca";"25745000";"Cundinamarca";"Bogotá";"ECF1"
"Soacha";"25754000";"Cundinamarca";"Bogotá";"ECF1"
"Sopó";"25758000";"Cundinamarca";"Bogotá";"ECF1"
"Subachoque";"25769000";"Cundinamarca";"Bogotá";"ECF1"
"Suesca";"25772000";"Cundinamarca";"Bogotá";"ECF1"
"Supatá";"25777000";"Cundinamarca";"Bogotá";"ECF1"
"Susa";"25779000";"Cundinamarca";"Bogotá";"ECF1"
"Sutatausa";"25781000";"Cundinamarca";"Bogotá";"ECF1"
"Tabio";"25785000";"Cundinamarca";"Bogotá";"ECF1"
"Tausa";"25793000";"Cundinamarca";"Bogotá";"ECF1"
"Tena";"25797000";"Cundinamarca";"Bogotá";"ECF1"
"Tenjo";"25799000";"Cundinamarca";"Bogotá";"ECF1"
"Tibacuy";"25805000";"Cundinamarca";"Bogotá";"ECF1"
"Tibirita";"25807000";"Cundinamarca";"Bogotá";"ECF1"
"Tocaima";"25815000";"Cundinamarca";"Bogotá";"ECF1"
"Tocancipá";"25817000";"Cundinamarca";"Bogotá";"ECF1"
"Topaipí";"25823000";"Cundinamarca";"Bogotá";"ECF1"
"Ubalá";"25839000";"Cundinamarca";"Bogotá";"ECF1"
"Ubaque";"25841000";"Cundinamarca";"Bogotá";"ECF1"
"Villa De San Diego De Ubaté";"25843000";"Cundinamarca";"Bogotá";"ECF1"
"Une";"25845000";"Cundinamarca";"Bogotá";"ECF1"
"Útica";"25851000";"Cundinamarca";"Bogotá";"ECF1"
"Vergara";"25862000";"Cundinamarca";"Bogotá";"ECF1"
"Vianí";"25867000";"Cundinamarca";"Bogotá";"ECF1"
"Villagómez";"25871000";"Cundinamarca";"Bogotá";"ECF1"
"Villapinzón";"25873000";"Cundinamarca";"Bogotá";"ECF1"
"Villeta";"25875000";"Cundinamarca";"Bogotá";"ECF1"
"Viotá";"25878000";"Cundinamarca";"Bogotá";"ECF1"
"Yacopí";"25885000";"Cundinamarca";"Bogotá";"ECF1"
"Zipacón";"25898000";"Cundinamarca";"Bogotá";"ECF1"
"Zipaquirá";"25899000";"Cundinamarca";"Bogotá";"ECF1"
"Bagadó";"27073000";"Chocó";"Bogotá";"ECF1"
"Belén De Bajirá";"27086000";"Chocó";"Bogotá";"ECF1"
"Managrú";"27135000";"Chocó";"Bogotá";"ECF1"
"Curbaradó";"27150000";"Chocó";"Bogotá";"ECF1"
"Santa Genoveva De Docordó";"27250000";"Chocó";"Bogotá";"ECF1"
"Beté";"27425000";"Chocó";"Bogotá";"ECF1"
"Puerto Meluk";"27430000";"Chocó";"Bogotá";"ECF1"
"Santa Rita";"27580000";"Chocó";"Bogotá";"ECF1"
"Paimadó";"27600000";"Chocó";"Bogotá";"ECF1"
"San José Del Palmar";"27660000";"Chocó";"Bogotá";"ECF1"
"Neiva";"41001000";"Huila";"Bogotá";"ECF1"
"Acevedo";"41006000";"Huila";"Bogotá";"ECF1"
"Agrado";"41013000";"Huila";"Bogotá";"ECF1"
"Aipe";"41016000";"Huila";"Bogotá";"ECF1"
"Algeciras";"41020000";"Huila";"Bogotá";"ECF1"
"Altamira";"41026000";"Huila";"Bogotá";"ECF1"
"Baraya";"41078000";"Huila";"Bogotá";"ECF1"
"Campoalegre";"41132000";"Huila";"Bogotá";"ECF1"
"Colombia";"41206000";"Huila";"Bogotá";"ECF1"
"Elías";"41244000";"Huila";"Bogotá";"ECF1"
"Garzón";"41298000";"Huila";"Bogotá";"ECF1"
"Gigante";"41306000";"Huila";"Bogotá";"ECF1"
"Guadalupe";"41319000";"Huila";"Bogotá";"ECF1"
"Hobo";"41349000";"Huila";"Bogotá";"ECF1"
"Íquira";"41357000";"Huila";"Bogotá";"ECF1"
"San José De Isnos";"41359000";"Huila";"Bogotá";"ECF1"
"La Argentina";"41378000";"Huila";"Bogotá";"ECF1"
"La Plata";"41396000";"Huila";"Bogotá";"ECF1"
"Nátaga";"41483000";"Huila";"Bogotá";"ECF1"
"Oporapa";"41503000";"Huila";"Bogotá";"ECF1"
"Paicol";"41518000";"Huila";"Bogotá";"ECF1"
"Palermo";"41524000";"Huila";"Bogotá";"ECF1"
"Palestina";"41530000";"Huila";"Bogotá";"ECF1"
"Pital";"41548000";"Huila";"Bogotá";"ECF1"
"Pitalito";"41551000";"Huila";"Bogotá";"ECF1"
"Rivera";"41615000";"Huila";"Bogotá";"ECF1"
"Saladoblanco";"41660000";"Huila";"Bogotá";"ECF1"
"San Agustín";"41668000";"Huila";"Bogotá";"ECF1"
"Santa María";"41676000";"Huila";"Bogotá";"ECF1"
"Suaza";"41770000";"Huila";"Bogotá";"ECF1"
"Tarqui";"41791000";"Huila";"Bogotá";"ECF1"
"Tesalia";"41797000";"Huila";"Bogotá";"ECF1"
"Tello";"41799000";"Huila";"Bogotá";"ECF1"
"Teruel";"41801000";"Huila";"Bogotá";"ECF1"
"Timaná";"41807000";"Huila";"Bogotá";"ECF1"
"Villavieja";"41872000";"Huila";"Bogotá";"ECF1"
"Yaguará";"41885000";"Huila";"Bogotá";"ECF1"
"Riohacha";"44001000";"Guajira";"Bogotá";"ECF1"
"Albania";"44035000";"Guajira";"Bogotá";"ECF1"
"Barrancas";"44078000";"Guajira";"Bogotá";"ECF1"
"Dibulla";"44090000";"Guajira";"Bogotá";"ECF1"
"Distracción";"44098000";"Guajira";"Bogotá";"ECF1"
"El Molino";"44110000";"Guajira";"Bogotá";"ECF1"
"Fonseca";"44279000";"Guajira";"Bogotá";"ECF1"
"Hatonuevo";"44378000";"Guajira";"Bogotá";"ECF1"
"La Jagua Del Pilar";"44420000";"Guajira";"Bogotá";"ECF1"
"Maicao";"44430000";"Guajira";"Bogotá";"ECF1"
"Manaure";"44560000";"Guajira";"Bogotá";"ECF1"
"San Juan Del Cesar";"44650000";"Guajira";"Bogotá";"ECF1"
"Uribia";"44847000";"Guajira";"Bogotá";"ECF1"
"Urumita";"44855000";"Guajira";"Bogotá";"ECF1"
"Villanueva";"44874000";"Guajira";"Bogotá";"ECF1"
"Santa Marta";"47001000";"Magdalena";"Bogotá";"ECF1"
"Algarrobo";"47030000";"Magdalena";"Bogotá";"ECF1"
"Aracataca";"47053000";"Magdalena";"Bogotá";"ECF1"
"El Dificil";"47058000";"Magdalena";"Bogotá";"ECF1"
"Cerro De San Antonio";"47161000";"Magdalena";"Bogotá";"ECF1"
"Chivolo";"47170000";"Magdalena";"Bogotá";"ECF1"
"Ciénaga";"47189000";"Magdalena";"Bogotá";"ECF1"
"Concordia";"47205000";"Magdalena";"Bogotá";"ECF1"
"El Banco";"47245000";"Magdalena";"Bogotá";"ECF1"
"El Piñón";"47258000";"Magdalena";"Bogotá";"ECF1"
"El Retén";"47268000";"Magdalena";"Bogotá";"ECF1"
"Fundación";"47288000";"Magdalena";"Bogotá";"ECF1"
"Guamal";"47318000";"Magdalena";"Bogotá";"ECF1"
"Granada";"47460000";"Magdalena";"Bogotá";"ECF1"
"Pedraza";"47541000";"Magdalena";"Bogotá";"ECF1"
"Pijiño";"47545000";"Magdalena";"Bogotá";"ECF1"
"Pivijay";"47551000";"Magdalena";"Bogotá";"ECF1"
"Plato";"47555000";"Magdalena";"Bogotá";"ECF1"
"Puebloviejo";"47570000";"Magdalena";"Bogotá";"ECF1"
"Remolino";"47605000";"Magdalena";"Bogotá";"ECF1"
"San Ángel";"47660000";"Magdalena";"Bogotá";"ECF1"
"Salamina";"47675000";"Magdalena";"Bogotá";"ECF1"
"San Sebastián De Buenavista";"47692000";"Magdalena";"Bogotá";"ECF1"
"San Zenón";"47703000";"Magdalena";"Bogotá";"ECF1"
"Santa Ana";"47707000";"Magdalena";"Bogotá";"ECF1"
"Santa Bárbara De Pinto";"47720000";"Magdalena";"Bogotá";"ECF1"
"Sitionuevo";"47745000";"Magdalena";"Bogotá";"ECF1"
"Tenerife";"47798000";"Magdalena";"Bogotá";"ECF1"
"Punta De Piedras";"47960000";"Magdalena";"Bogotá";"ECF1"
"Prado - Sevilla";"47980000";"Magdalena";"Bogotá";"ECF1"
"Villavicencio";"50001000";"Meta";"Bogotá";"ECF1"
"Acacías";"50006000";"Meta";"Bogotá";"ECF1"
"Barranca De Upía";"50110000";"Meta";"Bogotá";"ECF1"
"Cabuyaro";"50124000";"Meta";"Bogotá";"ECF1"
"Castilla La Nueva";"50150000";"Meta";"Bogotá";"ECF1"
"Cubarral";"50223000";"Meta";"Bogotá";"ECF1"
"Cumaral";"50226000";"Meta";"Bogotá";"ECF1"
"El Calvario";"50245000";"Meta";"Bogotá";"ECF1"
"El Castillo";"50251000";"Meta";"Bogotá";"ECF1"
"El Dorado";"50270000";"Meta";"Bogotá";"ECF1"
"Fuentedeoro";"50287000";"Meta";"Bogotá";"ECF1"
"Granada";"50313000";"Meta";"Bogotá";"ECF1"
"Guamal";"50318000";"Meta";"Bogotá";"ECF1"
"Mapiripán";"50325000";"Meta";"Bogotá";"ECF1"
"Mesetas";"50330000";"Meta";"Bogotá";"ECF1"
"La Macarena";"50350000";"Meta";"Bogotá";"ECF1"
"Uribe";"50370000";"Meta";"Bogotá";"ECF1"
"Lejanías";"50400000";"Meta";"Bogotá";"ECF1"
"Puerto Concordia";"50450000";"Meta";"Bogotá";"ECF1"
"Puerto Gaitán";"50568000";"Meta";"Bogotá";"ECF1"
"Puerto López";"50573000";"Meta";"Bogotá";"ECF1"
"Puerto Lleras";"50577000";"Meta";"Bogotá";"ECF1"
"Puerto Rico";"50590000";"Meta";"Bogotá";"ECF1"
"Restrepo";"50606000";"Meta";"Bogotá";"ECF1"
"San Carlos De Guaroa";"50680000";"Meta";"Bogotá";"ECF1"
"San Juan De Arama";"50683000";"Meta";"Bogotá";"ECF1"
"San Juanito";"50686000";"Meta";"Bogotá";"ECF1"
"San Martín";"50689000";"Meta";"Bogotá";"ECF1"
"Vistahermosa";"50711000";"Meta";"Bogotá";"ECF1"
"La Tola";"52390000";"Nariño";"Bogotá";"ECF1"
"Payán";"52427000";"Nariño";"Bogotá";"ECF1"
"Mosquera";"52473000";"Nariño";"Bogotá";"ECF1"
"Bocas De Satinga";"52490000";"Nariño";"Bogotá";"ECF1"
"Salahonda";"52520000";"Nariño";"Bogotá";"ECF1"
"San José";"52621000";"Nariño";"Bogotá";"ECF1"
"Iscuandé";"52696000";"Nariño";"Bogotá";"ECF1"
"Santa María Rosario";"52835100";"Nariño";"Bogotá";"ECF1"
"La Concha (Tablón Salado)";"52835200";"Nariño";"Bogotá";"ECF1"
"Cúcuta";"54001000";"Norte De Santander";"Bogotá";"ECF1"
"Ábrego";"54003000";"Norte De Santander";"Bogotá";"ECF1"
"Arboledas";"54051000";"Norte De Santander";"Bogotá";"ECF1"
"Bochalema";"54099000";"Norte De Santander";"Bogotá";"ECF1"
"Bucarasica";"54109000";"Norte De Santander";"Bogotá";"ECF1"
"Cácota";"54125000";"Norte De Santander";"Bogotá";"ECF1"
"Cáchira";"54128000";"Norte De Santander";"Bogotá";"ECF1"
"Chinácota";"54172000";"Norte De Santander";"Bogotá";"ECF1"
"Chitagá";"54174000";"Norte De Santander";"Bogotá";"ECF1"
"Convención";"54206000";"Norte De Santander";"Bogotá";"ECF1"
"Cucutilla";"54223000";"Norte De Santander";"Bogotá";"ECF1"
"Durania";"54239000";"Norte De Santander";"Bogotá";"ECF1"
"El Carmen";"54245000";"Norte De Santander";"Bogotá";"ECF1"
"El Tarra";"54250000";"Norte De Santander";"Bogotá";"ECF1"
"El Zulia";"54261000";"Norte De Santander";"Bogotá";"ECF1"
"Gramalote";"54313000";"Norte De Santander";"Bogotá";"ECF1"
"Hacarí";"54344000";"Norte De Santander";"Bogotá";"ECF1"
"Herrán";"54347000";"Norte De Santander";"Bogotá";"ECF1"
"Labateca";"54377000";"Norte De Santander";"Bogotá";"ECF1"
"La Esperanza";"54385000";"Norte De Santander";"Bogotá";"ECF1"
"La Playa";"54398000";"Norte De Santander";"Bogotá";"ECF1"
"Los Patios";"54405000";"Norte De Santander";"Bogotá";"ECF1"
"Lourdes";"54418000";"Norte De Santander";"Bogotá";"ECF1"
"Mutiscua";"54480000";"Norte De Santander";"Bogotá";"ECF1"
"Ocaña";"54498000";"Norte De Santander";"Bogotá";"ECF1"
"Pamplona";"54518000";"Norte De Santander";"Bogotá";"ECF1"
"Pamplonita";"54520000";"Norte De Santander";"Bogotá";"ECF1"
"Puerto Santander";"54553000";"Norte De Santander";"Bogotá";"ECF1"
"Ragonvalia";"54599000";"Norte De Santander";"Bogotá";"ECF1"
"Salazar De Las Palmas";"54660000";"Norte De Santander";"Bogotá";"ECF1"
"San Calixto";"54670000";"Norte De Santander";"Bogotá";"ECF1"
"San Cayetano";"54673000";"Norte De Santander";"Bogotá";"ECF1"
"Santiago";"54680000";"Norte De Santander";"Bogotá";"ECF1"
"Sardinata";"54720000";"Norte De Santander";"Bogotá";"ECF1"
"Silos";"54743000";"Norte De Santander";"Bogotá";"ECF1"
"Teorama";"54800000";"Norte De Santander";"Bogotá";"ECF1"
"Tibú";"54810000";"Norte De Santander";"Bogotá";"ECF1"
"Toledo";"54820000";"Norte De Santander";"Bogotá";"ECF1"
"Villa Caro";"54871000";"Norte De Santander";"Bogotá";"ECF1"
"Villa Del Rosario";"54874000";"Norte De Santander";"Bogotá";"ECF1"
"Bucaramanga";"68001000";"Santander";"Bogotá";"ECF1"
"Aguada";"68013000";"Santander";"Bogotá";"ECF1"
"Albania";"68020000";"Santander";"Bogotá";"ECF1"
"Aratoca";"68051000";"Santander";"Bogotá";"ECF1"
"Barbosa";"68077000";"Santander";"Bogotá";"ECF1"
"Barichara";"68079000";"Santander";"Bogotá";"ECF1"
"Barrancabermeja";"68081000";"Santander";"Bogotá";"ECF1"
"Betulia";"68092000";"Santander";"Bogotá";"ECF1"
"Bolívar";"68101000";"Santander";"Bogotá";"ECF1"
"Cabrera";"68121000";"Santander";"Bogotá";"ECF1"
"California";"68132000";"Santander";"Bogotá";"ECF1"
"Capitanejo";"68147000";"Santander";"Bogotá";"ECF1"
"Carcasí";"68152000";"Santander";"Bogotá";"ECF1"
"Cepitá";"68160000";"Santander";"Bogotá";"ECF1"
"Cerrito";"68162000";"Santander";"Bogotá";"ECF1"
"Charalá";"68167000";"Santander";"Bogotá";"ECF1"
"Charta";"68169000";"Santander";"Bogotá";"ECF1"
"Chima";"68176000";"Santander";"Bogotá";"ECF1"
"Chipatá";"68179000";"Santander";"Bogotá";"ECF1"
"Cimitarra";"68190000";"Santander";"Bogotá";"ECF1"
"Concepción";"68207000";"Santander";"Bogotá";"ECF1"
"Confines";"68209000";"Santander";"Bogotá";"ECF1"
"Contratación";"68211000";"Santander";"Bogotá";"ECF1"
"Coromoro";"68217000";"Santander";"Bogotá";"ECF1"
"Curití";"68229000";"Santander";"Bogotá";"ECF1"
"El Carmen De Chucurí";"68235000";"Santander";"Bogotá";"ECF1"
"El Guacamayo";"68245000";"Santander";"Bogotá";"ECF1"
"El Peñón";"68250000";"Santander";"Bogotá";"ECF1"
"El Playón";"68255000";"Santander";"Bogotá";"ECF1"
"Encino";"68264000";"Santander";"Bogotá";"ECF1"
"Enciso";"68266000";"Santander";"Bogotá";"ECF1"
"Florián";"68271000";"Santander";"Bogotá";"ECF1"
"Floridablanca";"68276000";"Santander";"Bogotá";"ECF1"
"Galán";"68296000";"Santander";"Bogotá";"ECF1"
"Gámbita";"68298000";"Santander";"Bogotá";"ECF1"
"Girón";"68307000";"Santander";"Bogotá";"ECF1"
"Guaca";"68318000";"Santander";"Bogotá";"ECF1"
"Guadalupe";"68320000";"Santander";"Bogotá";"ECF1"
"Guapotá";"68322000";"Santander";"Bogotá";"ECF1"
"Guavatá";"68324000";"Santander";"Bogotá";"ECF1"
"Güepsa";"68327000";"Santander";"Bogotá";"ECF1"
"Hato";"68344000";"Santander";"Bogotá";"ECF1"
"Jesús María";"68368000";"Santander";"Bogotá";"ECF1"
"Jordán Sube";"68370000";"Santander";"Bogotá";"ECF1"
"La Belleza";"68377000";"Santander";"Bogotá";"ECF1"
"Landázuri";"68385000";"Santander";"Bogotá";"ECF1"
"La Paz";"68397000";"Santander";"Bogotá";"ECF1"
"Lebrija";"68406000";"Santander";"Bogotá";"ECF1"
"Los Santos";"68418000";"Santander";"Bogotá";"ECF1"
"Macaravita";"68425000";"Santander";"Bogotá";"ECF1"
"Málaga";"68432000";"Santander";"Bogotá";"ECF1"
"Matanza";"68444000";"Santander";"Bogotá";"ECF1"
"Mogotes";"68464000";"Santander";"Bogotá";"ECF1"
"Molagavita";"68468000";"Santander";"Bogotá";"ECF1"
"Ocamonte";"68498000";"Santander";"Bogotá";"ECF1"
"Oiba";"68500000";"Santander";"Bogotá";"ECF1"
"Onzaga";"68502000";"Santander";"Bogotá";"ECF1"
"Palmar";"68522000";"Santander";"Bogotá";"ECF1"
"Palmas Del Socorro";"68524000";"Santander";"Bogotá";"ECF1"
"Páramo";"68533000";"Santander";"Bogotá";"ECF1"
"Piedecuesta";"68547000";"Santander";"Bogotá";"ECF1"
"Pinchote";"68549000";"Santander";"Bogotá";"ECF1"
"Puente Nacional";"68572000";"Santander";"Bogotá";"ECF1"
"Puerto Parra";"68573000";"Santander";"Bogotá";"ECF1"
"Puerto Wilches";"68575000";"Santander";"Bogotá";"ECF1"
"Rionegro";"68615000";"Santander";"Bogotá";"ECF1"
"Sabana De Torres";"68655000";"Santander";"Bogotá";"ECF1"
"San Andrés";"68669000";"Santander";"Bogotá";"ECF1"
"San Benito";"68673000";"Santander";"Bogotá";"ECF1"
"San Gil";"68679000";"Santander";"Bogotá";"ECF1"
"San Joaquín";"68682000";"Santander";"Bogotá";"ECF1"
"San José De Miranda";"68684000";"Santander";"Bogotá";"ECF1"
"San Miguel";"68686000";"Santander";"Bogotá";"ECF1"
"San Vicente De Chucurí";"68689000";"Santander";"Bogotá";"ECF1"
"Santa Bárbara";"68705000";"Santander";"Bogotá";"ECF1"
"Santa Helena Del Opón";"68720000";"Santander";"Bogotá";"ECF1"
"Simacota";"68745000";"Santander";"Bogotá";"ECF1"
"Socorro";"68755000";"Santander";"Bogotá";"ECF1"
"Suaita";"68770000";"Santander";"Bogotá";"ECF1"
"Sucre";"68773000";"Santander";"Bogotá";"ECF1"
"Suratá";"68780000";"Santander";"Bogotá";"ECF1"
"Tona";"68820000";"Santander";"Bogotá";"ECF1"
"Valle De San José";"68855000";"Santander";"Bogotá";"ECF1"
"Vélez";"68861000";"Santander";"Bogotá";"ECF1"
"Vetas";"68867000";"Santander";"Bogotá";"ECF1"
"Villanueva";"68872000";"Santander";"Bogotá";"ECF1"
"Zapatoca";"68895000";"Santander";"Bogotá";"ECF1"
"Sincelejo";"70001000";"Sucre";"Bogotá";"ECF1"
"Buenavista";"70110000";"Sucre";"Bogotá";"ECF1"
"Caimito";"70124000";"Sucre";"Bogotá";"ECF1"
"Ricaurte (Colosó)";"70204000";"Sucre";"Bogotá";"ECF1"
"Corozal";"70215000";"Sucre";"Bogotá";"ECF1"
"Chalán";"70230000";"Sucre";"Bogotá";"ECF1"
"Galeras";"70235000";"Sucre";"Bogotá";"ECF1"
"Guaranda";"70265000";"Sucre";"Bogotá";"ECF1"
"La Unión";"70400000";"Sucre";"Bogotá";"ECF1"
"Los Palmitos";"70418000";"Sucre";"Bogotá";"ECF1"
"Majagual";"70429000";"Sucre";"Bogotá";"ECF1"
"Morroa";"70473000";"Sucre";"Bogotá";"ECF1"
"Palmito";"70523000";"Sucre";"Bogotá";"ECF1"
"Sampués";"70670000";"Sucre";"Bogotá";"ECF1"
"San Benito Abad";"70678000";"Sucre";"Bogotá";"ECF1"
"Betulia";"70702000";"Sucre";"Bogotá";"ECF1"
"San Marcos";"70708000";"Sucre";"Bogotá";"ECF1"
"Sucre";"70771000";"Sucre";"Bogotá";"ECF1"
"Ibague";"73001000";"Tolima";"Bogotá";"ECF1"
"Alpujarra";"73024000";"Tolima";"Bogotá";"ECF1"
"Alvarado";"73026000";"Tolima";"Bogotá";"ECF1"
"Ambalema";"73030000";"Tolima";"Bogotá";"ECF1"
"Anzoátegui";"73043000";"Tolima";"Bogotá";"ECF1"
"Guayabal";"73055000";"Tolima";"Bogotá";"ECF1"
"Ataco";"73067000";"Tolima";"Bogotá";"ECF1"
"Cajamarca";"73124000";"Tolima";"Bogotá";"ECF1"
"Carmen De Apicalá";"73148000";"Tolima";"Bogotá";"ECF1"
"Casabianca";"73152000";"Tolima";"Bogotá";"ECF1"
"Chaparral";"73168000";"Tolima";"Bogotá";"ECF1"
"Coello";"73200000";"Tolima";"Bogotá";"ECF1"
"Coyaima";"73217000";"Tolima";"Bogotá";"ECF1"
"Cunday";"73226000";"Tolima";"Bogotá";"ECF1"
"Dolores";"73236000";"Tolima";"Bogotá";"ECF1"
"El Espinal";"73268000";"Tolima";"Bogotá";"ECF1"
"Falan";"73270000";"Tolima";"Bogotá";"ECF1"
"Flandes";"73275000";"Tolima";"Bogotá";"ECF1"
"Fresno";"73283000";"Tolima";"Bogotá";"ECF1"
"Guamo";"73319000";"Tolima";"Bogotá";"ECF1"
"Herveo";"73347000";"Tolima";"Bogotá";"ECF1"
"Honda";"73349000";"Tolima";"Bogotá";"ECF1"
"Icononzo";"73352000";"Tolima";"Bogotá";"ECF1"
"Lérida";"73408000";"Tolima";"Bogotá";"ECF1"
"Líbano";"73411000";"Tolima";"Bogotá";"ECF1"
"San Sebastián De Mariquita";"73443000";"Tolima";"Bogotá";"ECF1"
"Melgar";"73449000";"Tolima";"Bogotá";"ECF1"
"Murillo";"73461000";"Tolima";"Bogotá";"ECF1"
"Natagaima";"73483000";"Tolima";"Bogotá";"ECF1"
"Ortega";"73504000";"Tolima";"Bogotá";"ECF1"
"Palocabildo";"73520000";"Tolima";"Bogotá";"ECF1"
"Piedras";"73547000";"Tolima";"Bogotá";"ECF1"
"Planadas";"73555000";"Tolima";"Bogotá";"ECF1"
"Prado";"73563000";"Tolima";"Bogotá";"ECF1"
"Purificación";"73585000";"Tolima";"Bogotá";"ECF1"
"Rioblanco";"73616000";"Tolima";"Bogotá";"ECF1"
"Roncesvalles";"73622000";"Tolima";"Bogotá";"ECF1"
"Rovira";"73624000";"Tolima";"Bogotá";"ECF1"
"Saldaña";"73671000";"Tolima";"Bogotá";"ECF1"
"San Antonio";"73675000";"Tolima";"Bogotá";"ECF1"
"San Luis";"73678000";"Tolima";"Bogotá";"ECF1"
"Santa Isabel";"73686000";"Tolima";"Bogotá";"ECF1"
"Suárez";"73770000";"Tolima";"Bogotá";"ECF1"
"Valle De San Juan";"73854000";"Tolima";"Bogotá";"ECF1"
"Venadillo";"73861000";"Tolima";"Bogotá";"ECF1"
"Villahermosa";"73870000";"Tolima";"Bogotá";"ECF1"
"Villarrica";"73873000";"Tolima";"Bogotá";"ECF1"
"La Vuelta";"76109100";"Valle Del Cauca";"Bogotá";"ECF1"
"Arauca";"81001000";"Arauca";"Bogotá";"ECF1"
"Arauquita";"81065000";"Arauca";"Bogotá";"ECF1"
"Cravo Norte";"81220000";"Arauca";"Bogotá";"ECF1"
"Fortul";"81300000";"Arauca";"Bogotá";"ECF1"
"Puerto Rondón";"81591000";"Arauca";"Bogotá";"ECF1"
"Saravena";"81736000";"Arauca";"Bogotá";"ECF1"
"Tame";"81794000";"Arauca";"Bogotá";"ECF1"
"Yopal";"85001000";"Casanare";"Bogotá";"ECF1"
"Aguazul";"85010000";"Casanare";"Bogotá";"ECF1"
"Chámeza";"85015000";"Casanare";"Bogotá";"ECF1"
"Hato Corozal";"85125000";"Casanare";"Bogotá";"ECF1"
"La Salina";"85136000";"Casanare";"Bogotá";"ECF1"
"Maní";"85139000";"Casanare";"Bogotá";"ECF1"
"Monterrey";"85162000";"Casanare";"Bogotá";"ECF1"
"Nunchía";"85225000";"Casanare";"Bogotá";"ECF1"
"Orocué";"85230000";"Casanare";"Bogotá";"ECF1"
"Paz De Ariporo";"85250000";"Casanare";"Bogotá";"ECF1"
"Pore";"85263000";"Casanare";"Bogotá";"ECF1"
"Recetor";"85279000";"Casanare";"Bogotá";"ECF1"
"Sabanalarga";"85300000";"Casanare";"Bogotá";"ECF1"
"Sácama";"85315000";"Casanare";"Bogotá";"ECF1"
"San Luis De Palenque";"85325000";"Casanare";"Bogotá";"ECF1"
"Támara";"85400000";"Casanare";"Bogotá";"ECF1"
"Tauramena";"85410000";"Casanare";"Bogotá";"ECF1"
"Trinidad";"85430000";"Casanare";"Bogotá";"ECF1"
"Villanueva";"85440000";"Casanare";"Bogotá";"ECF1"
"Mocoa";"86001000";"Putumayo";"Bogotá";"ECF1"
"Colón";"86219000";"Putumayo";"Bogotá";"ECF1"
"Orito";"86320000";"Putumayo";"Bogotá";"ECF1"
"Puerto Asís";"86568000";"Putumayo";"Bogotá";"ECF1"
"Puerto Caicedo";"86569000";"Putumayo";"Bogotá";"ECF1"
"Puerto Guzmán";"86571000";"Putumayo";"Bogotá";"ECF1"
"Puerto Leguízamo";"86573000";"Putumayo";"Bogotá";"ECF1"
"Sibundoy";"86749000";"Putumayo";"Bogotá";"ECF1"
"San Francisco";"86755000";"Putumayo";"Bogotá";"ECF1"
"La Dorada";"86757000";"Putumayo";"Bogotá";"ECF1"
"Santiago";"86760000";"Putumayo";"Bogotá";"ECF1"
"La Hormiga";"86865000";"Putumayo";"Bogotá";"ECF1"
"Villagarzón";"86885000";"Putumayo";"Bogotá";"ECF1"
"San Andrés";"88001000";"Archipiélago De San Andrés, Providencia Y ";"Bogotá";"ECF1"
"Santa Isabel";"88564000";"Archipiélago De San Andrés, Providencia Y ";"Bogotá";"ECF1"
"Leticia";"91001000";"Amazonas";"Bogotá";"ECF1"
"El Encanto";"91263000";"Amazonas";"Bogotá";"ECF1"
"La Chorrera";"91405000";"Amazonas";"Bogotá";"ECF1"
"La Pedrera";"91407000";"Amazonas";"Bogotá";"ECF1"
"Pacoa";"91430000";"Amazonas";"Bogotá";"ECF1"
"Mirití";"91460000";"Amazonas";"Bogotá";"ECF1"
"Puerto Alegría";"91530000";"Amazonas";"Bogotá";"ECF1"
"Puerto Arica";"91536000";"Amazonas";"Bogotá";"ECF1"
"Puerto Nariño";"91540000";"Amazonas";"Bogotá";"ECF1"
"Puerto Santander";"91669000";"Amazonas";"Bogotá";"ECF1"
"Tarapacá";"91798000";"Amazonas";"Bogotá";"ECF1"
"Inírida";"94001000";"Guainía";"Bogotá";"ECF1"
"Barranco Minas";"94343000";"Guainía";"Bogotá";"ECF1"
"Mapiripana";"94663000";"Guainía";"Bogotá";"ECF1"
"San Felipe";"94883000";"Guainía";"Bogotá";"ECF1"
"Puerto Colombia";"94884000";"Guainía";"Bogotá";"ECF1"
"Galilea";"94885000";"Guainía";"Bogotá";"ECF1"
"Cacahual";"94886000";"Guainía";"Bogotá";"ECF1"
"Campo Alegre";"94887000";"Guainía";"Bogotá";"ECF1"
"Morichal-Garza";"94888000";"Guainía";"Bogotá";"ECF1"
"San José Del Guaviare";"95001000";"Guaviare";"Bogotá";"ECF1"
"Calamar";"95015000";"Guaviare";"Bogotá";"ECF1"
"El Retorno";"95025000";"Guaviare";"Bogotá";"ECF1"
"Miraflores";"95200000";"Guaviare";"Bogotá";"ECF1"
"Mitú";"97001000";"Vaupés";"Bogotá";"ECF1"
"Carurú";"97161000";"Vaupés";"Bogotá";"ECF1"
"Pacoa";"97511000";"Vaupés";"Bogotá";"ECF1"
"Taraira";"97666000";"Vaupés";"Bogotá";"ECF1"
"Puerto Solano (Papunahua)";"97777000";"Vaupés";"Bogotá";"ECF1"
"Yavaraté";"97889000";"Vaupés";"Bogotá";"ECF1"
"Puerto Carreño";"99001000";"Vichada";"Bogotá";"ECF1"
"La Primavera";"99524000";"Vichada";"Bogotá";"ECF1"
"Santa Rosalía";"99624000";"Vichada";"Bogotá";"ECF1"
"Cumaribo";"99773000";"Vichada";"Bogotá";"ECF1"
"La Vuelta";"76109100";"Valle";"Bogotá";"ECF1"
"Bogotá, D.C.";"11001000";"Cundinamarca";"Bogotá";"ECF1"
"Bogotá  D.C.";"11001000";"Cundinamarca";"Bogotá";"ECF1"
"Bogotá D.C.";"11001000";"Cundinamarca";"Bogotá";"ECF1"
"Cartagena";"13001000";"Bolívar";"Bogotá";"ECF1"
"Riohacha";"44001000";"La Guajira";"Bogotá";"ECF1"
"Albania";"44035000";"La Guajira";"Bogotá";"ECF1"
"Barrancas";"44078000";"La Guajira";"Bogotá";"ECF1"
"Dibulla";"44090000";"La Guajira";"Bogotá";"ECF1"
"Distracción";"44098000";"La Guajira";"Bogotá";"ECF1"
"El Molino";"44110000";"La Guajira";"Bogotá";"ECF1"
"Fonseca";"44279000";"La Guajira";"Bogotá";"ECF1"
"Hatonuevo";"44378000";"La Guajira";"Bogotá";"ECF1"
"La Jagua Del Pilar";"44420000";"La Guajira";"Bogotá";"ECF1"
"Maicao";"44430000";"La Guajira";"Bogotá";"ECF1"
"Manaure";"44560000";"La Guajira";"Bogotá";"ECF1"
"San Juan Del Cesar";"44650000";"La Guajira";"Bogotá";"ECF1"
"Uribia";"44847000";"La Guajira";"Bogotá";"ECF1"
"Urumita";"44855000";"La Guajira";"Bogotá";"ECF1"
"Villanueva";"44874000";"La Guajira";"Bogotá";"ECF1"
"Palomino";"44090004";"Guajira";"Bogotá";"ECF1"
"Palomino";"44090004";"La Guajira";"Bogotá";"ECF1"
"Briceño";"25758006";"Cundinamarca";"Bogotá";"ECF1"
"Currulao";"5837001";"Antioquia";"Bogotá";"ECF1"
"Ubate";"25843000";"Cundinamarca";"Bogotá";"ECF1"
"Medellín";"05001000";"Antioquia";"Medellín";"ECF3"
"Abejorral";"05002000";"Antioquia";"Medellín";"ECF3"
"Abriaquí";"05004000";"Antioquia";"Medellín";"ECF3"
"Alejandría";"05021000";"Antioquia";"Medellín";"ECF3"
"Amagá";"05030000";"Antioquia";"Medellín";"ECF3"
"Amalfi";"05031000";"Antioquia";"Medellín";"ECF3"
"Andes";"05034000";"Antioquia";"Medellín";"ECF3"
"Angelópolis";"05036000";"Antioquia";"Medellín";"ECF3"
"Angostura";"05038000";"Antioquia";"Medellín";"ECF3"
"Anorí";"05040000";"Antioquia";"Medellín";"ECF3"
"Santa Fé De Antioquia";"05042000";"Antioquia";"Medellín";"ECF3"
"Anzá";"05044000";"Antioquia";"Medellín";"ECF3"
"Apartadó";"05045000";"Antioquia";"Medellín";"ECF3"
"Arboletes";"05051000";"Antioquia";"Medellín";"ECF3"
"Argelia";"05055000";"Antioquia";"Medellín";"ECF3"
"Armenia";"05059000";"Antioquia";"Medellín";"ECF3"
"Barbosa";"05079000";"Antioquia";"Medellín";"ECF3"
"Belmira";"05086000";"Antioquia";"Medellín";"ECF3"
"Bello";"05088000";"Antioquia";"Medellín";"ECF3"
"Betania";"05091000";"Antioquia";"Medellín";"ECF3"
"Betulia";"05093000";"Antioquia";"Medellín";"ECF3"
"Ciudad Bolívar";"05101000";"Antioquia";"Medellín";"ECF3"
"Briceño";"05107000";"Antioquia";"Medellín";"ECF3"
"Buriticá";"05113000";"Antioquia";"Medellín";"ECF3"
"Cáceres";"05120000";"Antioquia";"Medellín";"ECF3"
"Caicedo";"05125000";"Antioquia";"Medellín";"ECF3"
"Caldas";"05129000";"Antioquia";"Medellín";"ECF3"
"Campamento";"05134000";"Antioquia";"Medellín";"ECF3"
"Cañasgordas";"05138000";"Antioquia";"Medellín";"ECF3"
"Caracolí";"05142000";"Antioquia";"Medellín";"ECF3"
"Caramanta";"05145000";"Antioquia";"Medellín";"ECF3"
"Carepa";"05147000";"Antioquia";"Medellín";"ECF3"
"El Carmen De Viboral";"05148000";"Antioquia";"Medellín";"ECF3"
"Carolina Del Principe";"05150000";"Antioquia";"Medellín";"ECF3"
"Caucasia";"05154000";"Antioquia";"Medellín";"ECF3"
"Chigorodó";"05172000";"Antioquia";"Medellín";"ECF3"
"Cisneros";"05190000";"Antioquia";"Medellín";"ECF3"
"Cocorná";"05197000";"Antioquia";"Medellín";"ECF3"
"Concepción";"05206000";"Antioquia";"Medellín";"ECF3"
"Concordia";"05209000";"Antioquia";"Medellín";"ECF3"
"Copacabana";"05212000";"Antioquia";"Medellín";"ECF3"
"Dabeiba";"05234000";"Antioquia";"Medellín";"ECF3"
"Donmatías";"05237000";"Antioquia";"Medellín";"ECF3"
"Ebéjico";"05240000";"Antioquia";"Medellín";"ECF3"
"El Bagre";"05250000";"Antioquia";"Medellín";"ECF3"
"Entrerríos";"05264000";"Antioquia";"Medellín";"ECF3"
"Envigado";"05266000";"Antioquia";"Medellín";"ECF3"
"Fredonia";"05282000";"Antioquia";"Medellín";"ECF3"
"Frontino";"05284000";"Antioquia";"Medellín";"ECF3"
"Giraldo";"05306000";"Antioquia";"Medellín";"ECF3"
"Girardota";"05308000";"Antioquia";"Medellín";"ECF3"
"Gómez Plata";"05310000";"Antioquia";"Medellín";"ECF3"
"Granada";"05313000";"Antioquia";"Medellín";"ECF3"
"Guadalupe";"05315000";"Antioquia";"Medellín";"ECF3"
"Guarne";"05318000";"Antioquia";"Medellín";"ECF3"
"Guatapé";"05321000";"Antioquia";"Medellín";"ECF3"
"Heliconia";"05347000";"Antioquia";"Medellín";"ECF3"
"Hispania";"05353000";"Antioquia";"Medellín";"ECF3"
"Itagüí";"05360000";"Antioquia";"Medellín";"ECF3"
"Ituango";"05361000";"Antioquia";"Medellín";"ECF3"
"Jardín";"05364000";"Antioquia";"Medellín";"ECF3"
"Jericó";"05368000";"Antioquia";"Medellín";"ECF3"
"La Ceja";"05376000";"Antioquia";"Medellín";"ECF3"
"La Estrella";"05380000";"Antioquia";"Medellín";"ECF3"
"La Pintada";"05390000";"Antioquia";"Medellín";"ECF3"
"La Unión";"05400000";"Antioquia";"Medellín";"ECF3"
"Liborina";"05411000";"Antioquia";"Medellín";"ECF3"
"Maceo";"05425000";"Antioquia";"Medellín";"ECF3"
"Marinilla";"05440000";"Antioquia";"Medellín";"ECF3"
"Montebello";"05467000";"Antioquia";"Medellín";"ECF3"
"Murindó";"05475000";"Antioquia";"Medellín";"ECF3"
"Mutatá";"05480000";"Antioquia";"Medellín";"ECF3"
"Nariño";"05483000";"Antioquia";"Medellín";"ECF3"
"Necoclí";"05490000";"Antioquia";"Medellín";"ECF3"
"Nechí";"05495000";"Antioquia";"Medellín";"ECF3"
"Olaya";"05501000";"Antioquia";"Medellín";"ECF3"
"Peñol";"05541000";"Antioquia";"Medellín";"ECF3"
"Peque";"05543000";"Antioquia";"Medellín";"ECF3"
"Pueblorrico";"05576000";"Antioquia";"Medellín";"ECF3"
"Puerto Berrío";"05579000";"Antioquia";"Medellín";"ECF3"
"Puerto Nare";"05585000";"Antioquia";"Medellín";"ECF3"
"Puerto Triunfo";"05591000";"Antioquia";"Medellín";"ECF3"
"Remedios";"05604000";"Antioquia";"Medellín";"ECF3"
"Retiro";"05607000";"Antioquia";"Medellín";"ECF3"
"Rionegro";"05615000";"Antioquia";"Medellín";"ECF3"
"Sabanalarga";"05628000";"Antioquia";"Medellín";"ECF3"
"Sabaneta";"05631000";"Antioquia";"Medellín";"ECF3"
"Salgar";"05642000";"Antioquia";"Medellín";"ECF3"
"San Andrés De Cuerquía";"05647000";"Antioquia";"Medellín";"ECF3"
"San Carlos";"05649000";"Antioquia";"Medellín";"ECF3"
"San Francisco";"05652000";"Antioquia";"Medellín";"ECF3"
"San Jerónimo";"05656000";"Antioquia";"Medellín";"ECF3"
"San José De La Montaña";"05658000";"Antioquia";"Medellín";"ECF3"
"San Juan De Urabá";"05659000";"Antioquia";"Medellín";"ECF3"
"San Luis";"05660000";"Antioquia";"Medellín";"ECF3"
"San Pedro De Los Milagros";"05664000";"Antioquia";"Medellín";"ECF3"
"San Pedro De Urabá";"05665000";"Antioquia";"Medellín";"ECF3"
"San Rafael";"05667000";"Antioquia";"Medellín";"ECF3"
"San Roque";"05670000";"Antioquia";"Medellín";"ECF3"
"San Vicente";"05674000";"Antioquia";"Medellín";"ECF3"
"Santa Bárbara";"05679000";"Antioquia";"Medellín";"ECF3"
"Santa Rosa De Osos";"05686000";"Antioquia";"Medellín";"ECF3"
"Santo Domingo";"05690000";"Antioquia";"Medellín";"ECF3"
"El Santuario";"05697000";"Antioquia";"Medellín";"ECF3"
"Segovia";"05736000";"Antioquia";"Medellín";"ECF3"
"Sonsón";"05756000";"Antioquia";"Medellín";"ECF3"
"Sopetrán";"05761000";"Antioquia";"Medellín";"ECF3"
"Támesis";"05789000";"Antioquia";"Medellín";"ECF3"
"Tarazá";"05790000";"Antioquia";"Medellín";"ECF3"
"Tarso";"05792000";"Antioquia";"Medellín";"ECF3"
"Titiribí";"05809000";"Antioquia";"Medellín";"ECF3"
"Toledo";"05819000";"Antioquia";"Medellín";"ECF3"
"Turbo";"05837000";"Antioquia";"Medellín";"ECF3"
"Uramita";"05842000";"Antioquia";"Medellín";"ECF3"
"Urrao";"05847000";"Antioquia";"Medellín";"ECF3"
"Valdivia";"05854000";"Antioquia";"Medellín";"ECF3"
"Valparaíso";"05856000";"Antioquia";"Medellín";"ECF3"
"Vegachí";"05858000";"Antioquia";"Medellín";"ECF3"
"Venecia";"05861000";"Antioquia";"Medellín";"ECF3"
"Yalí";"05885000";"Antioquia";"Medellín";"ECF3"
"Yarumal";"05887000";"Antioquia";"Medellín";"ECF3"
"Yolombó";"05890000";"Antioquia";"Medellín";"ECF3"
"Yondo";"05893000";"Antioquia";"Medellín";"ECF3"
"Zaragoza";"05895000";"Antioquia";"Medellín";"ECF3"
"El Carmen De Bolívar";"13244000";"Bolívar";"Medellín";"ECF3"
"Magangué";"13430000";"Bolívar";"Medellín";"ECF3"
"Santa Cruz De Mompóx";"13468000";"Bolívar";"Medellín";"ECF3"
"San Jacinto";"13654000";"Bolívar";"Medellín";"ECF3"
"San Juan Nepomuceno";"13657000";"Bolívar";"Medellín";"ECF3"
"Montería";"23001000";"Córdoba";"Medellín";"ECF3"
"Ayapel";"23068000";"Córdoba";"Medellín";"ECF3"
"Buenavista";"23079000";"Córdoba";"Medellín";"ECF3"
"Canalete Urbano";"23090000";"Córdoba";"Medellín";"ECF3"
"Cereté";"23162000";"Córdoba";"Medellín";"ECF3"
"Chimá";"23168000";"Córdoba";"Medellín";"ECF3"
"Chinú";"23182000";"Córdoba";"Medellín";"ECF3"
"Ciénaga De Oro";"23189000";"Córdoba";"Medellín";"ECF3"
"Cotorra";"23300000";"Córdoba";"Medellín";"ECF3"
"La Apartada";"23350000";"Córdoba";"Medellín";"ECF3"
"Santa Cruz De Lorica";"23417000";"Córdoba";"Medellín";"ECF3"
"Los Córdobas";"23419000";"Córdoba";"Medellín";"ECF3"
"Momil";"23464000";"Córdoba";"Medellín";"ECF3"
"Montelíbano";"23466000";"Córdoba";"Medellín";"ECF3"
"Moñitos";"23500000";"Córdoba";"Medellín";"ECF3"
"Planeta Rica";"23555000";"Córdoba";"Medellín";"ECF3"
"Pueblo Nuevo";"23570000";"Córdoba";"Medellín";"ECF3"
"Puerto Escondido";"23574000";"Córdoba";"Medellín";"ECF3"
"Puerto Libertador";"23580000";"Córdoba";"Medellín";"ECF3"
"Purísima De La Concepción";"23586000";"Córdoba";"Medellín";"ECF3"
"Sahagún";"23660000";"Córdoba";"Medellín";"ECF3"
"San Andrés De Sotavento";"23670000";"Córdoba";"Medellín";"ECF3"
"San Antero";"23672000";"Córdoba";"Medellín";"ECF3"
"San Bernardo Del Viento";"23675000";"Córdoba";"Medellín";"ECF3"
"San Carlos";"23678000";"Córdoba";"Medellín";"ECF3"
"San José De Uré";"23682000";"Córdoba";"Medellín";"ECF3"
"San Pelayo";"23686000";"Córdoba";"Medellín";"ECF3"
"Tierralta";"23807000";"Córdoba";"Medellín";"ECF3"
"Tuchín";"23815000";"Córdoba";"Medellín";"ECF3"
"Valencia";"23855000";"Córdoba";"Medellín";"ECF3"
"San Francisco De Quibdo";"27001000";"Chocó";"Medellín";"ECF3"
"Acandí";"27006000";"Chocó";"Medellín";"ECF3"
"Pie De Pato";"27025000";"Chocó";"Medellín";"ECF3"
"Yuto";"27050000";"Chocó";"Medellín";"ECF3"
"Ciudad Mútis";"27075000";"Chocó";"Medellín";"ECF3"
"Pizarro";"27077000";"Chocó";"Medellín";"ECF3"
"Bellavista";"27099000";"Chocó";"Medellín";"ECF3"
"Cértegui";"27160000";"Chocó";"Medellín";"ECF3"
"Condoto";"27205000";"Chocó";"Medellín";"ECF3"
"El Carmen De Atrato";"27245000";"Chocó";"Medellín";"ECF3"
"Istmina";"27361000";"Chocó";"Medellín";"ECF3"
"Juradó";"27372000";"Chocó";"Medellín";"ECF3"
"Lloró";"27413000";"Chocó";"Medellín";"ECF3"
"Andagoya";"27450000";"Chocó";"Medellín";"ECF3"
"Nóvita";"27491000";"Chocó";"Medellín";"ECF3"
"Nuquí";"27495000";"Chocó";"Medellín";"ECF3"
"Riosucio";"27615000";"Chocó";"Medellín";"ECF3"
"Sipí";"27745000";"Chocó";"Medellín";"ECF3"
"Tadó";"27787000";"Chocó";"Medellín";"ECF3"
"Unguía";"27800000";"Chocó";"Medellín";"ECF3"
"Ánimas";"27810000";"Chocó";"Medellín";"ECF3"
"Coveñas";"70221000";"Sucre";"Medellín";"ECF3"
"Ovejas";"70508000";"Sucre";"Medellín";"ECF3"
"San Onofre";"70713000";"Sucre";"Medellín";"ECF3"
"San Pedro";"70717000";"Sucre";"Medellín";"ECF3"
"Sincé";"70742000";"Sucre";"Medellín";"ECF3"
"Santiago De Tolú";"70820000";"Sucre";"Medellín";"ECF3"
"Tolú Viejo";"70823000";"Sucre";"Medellín";"ECF3"
"Bahia Solano";"27075000";"Chocó";"Medellín";"ECF3"
"Lorica";"23417000";"Córdoba";"Medellín";"ECF3"
"Manizales";"17001000";"Caldas";"Cali";"ECF4"
"Aguadas";"17013000";"Caldas";"Cali";"ECF4"
"Anserma";"17042000";"Caldas";"Cali";"ECF4"
"Aranzazu";"17050000";"Caldas";"Cali";"ECF4"
"Belalcázar";"17088000";"Caldas";"Cali";"ECF4"
"Chinchiná";"17174000";"Caldas";"Cali";"ECF4"
"Filadelfia";"17272000";"Caldas";"Cali";"ECF4"
"La Dorada";"17380000";"Caldas";"Cali";"ECF4"
"La Merced";"17388000";"Caldas";"Cali";"ECF4"
"Manzanares";"17433000";"Caldas";"Cali";"ECF4"
"Marmato";"17442000";"Caldas";"Cali";"ECF4"
"Marquetalia";"17444000";"Caldas";"Cali";"ECF4"
"Marulanda";"17446000";"Caldas";"Cali";"ECF4"
"Neira";"17486000";"Caldas";"Cali";"ECF4"
"Norcasia";"17495000";"Caldas";"Cali";"ECF4"
"Pácora";"17513000";"Caldas";"Cali";"ECF4"
"Palestina";"17524000";"Caldas";"Cali";"ECF4"
"Pensilvania";"17541000";"Caldas";"Cali";"ECF4"
"Riosucio";"17614000";"Caldas";"Cali";"ECF4"
"Risaralda";"17616000";"Caldas";"Cali";"ECF4"
"Salamina";"17653000";"Caldas";"Cali";"ECF4"
"Samaná";"17662000";"Caldas";"Cali";"ECF4"
"San José";"17665000";"Caldas";"Cali";"ECF4"
"Supía";"17777000";"Caldas";"Cali";"ECF4"
"Victoria";"17867000";"Caldas";"Cali";"ECF4"
"Villamaría";"17873000";"Caldas";"Cali";"ECF4"
"Viterbo";"17877000";"Caldas";"Cali";"ECF4"
"Popayán";"19001000";"Cauca";"Cali";"ECF4"
"Almaguer";"19022000";"Cauca";"Cali";"ECF4"
"Argelia";"19050000";"Cauca";"Cali";"ECF4"
"Balboa";"19075000";"Cauca";"Cali";"ECF4"
"Bolívar";"19100000";"Cauca";"Cali";"ECF4"
"Buenos Aires";"19110000";"Cauca";"Cali";"ECF4"
"Cajibío";"19130000";"Cauca";"Cali";"ECF4"
"Caldono";"19137000";"Cauca";"Cali";"ECF4"
"Caloto";"19142000";"Cauca";"Cali";"ECF4"
"Corinto";"19212000";"Cauca";"Cali";"ECF4"
"El Tambo";"19256000";"Cauca";"Cali";"ECF4"
"Florencia";"19290000";"Cauca";"Cali";"ECF4"
"Guachené";"19300000";"Cauca";"Cali";"ECF4"
"Guapí";"19318000";"Cauca";"Cali";"ECF4"
"Inzá";"19355000";"Cauca";"Cali";"ECF4"
"Jambaló";"19364000";"Cauca";"Cali";"ECF4"
"La Sierra";"19392000";"Cauca";"Cali";"ECF4"
"La Vega";"19397000";"Cauca";"Cali";"ECF4"
"López";"19418000";"Cauca";"Cali";"ECF4"
"Mercaderes";"19450000";"Cauca";"Cali";"ECF4"
"Miranda";"19455000";"Cauca";"Cali";"ECF4"
"Morales";"19473000";"Cauca";"Cali";"ECF4"
"Padilla";"19513000";"Cauca";"Cali";"ECF4"
"Belalcázar";"19517000";"Cauca";"Cali";"ECF4"
"El Bordo";"19532000";"Cauca";"Cali";"ECF4"
"Piendamó";"19548000";"Cauca";"Cali";"ECF4"
"Puerto Tejada";"19573000";"Cauca";"Cali";"ECF4"
"Coconuco";"19585000";"Cauca";"Cali";"ECF4"
"Rosas";"19622000";"Cauca";"Cali";"ECF4"
"San Sebastián";"19693000";"Cauca";"Cali";"ECF4"
"Santander De Quilichao";"19698000";"Cauca";"Cali";"ECF4"
"Silvia";"19743000";"Cauca";"Cali";"ECF4"
"Paispamba";"19760000";"Cauca";"Cali";"ECF4"
"Suárez";"19780000";"Cauca";"Cali";"ECF4"
"Timbío";"19807000";"Cauca";"Cali";"ECF4"
"Timbiquí";"19809000";"Cauca";"Cali";"ECF4"
"Toribío";"19821000";"Cauca";"Cali";"ECF4"
"Totoró";"19824000";"Cauca";"Cali";"ECF4"
"Villa Rica";"19845000";"Cauca";"Cali";"ECF4"
"San Juan De Pasto";"52001000";"Nariño";"Cali";"ECF4"
"San José";"52019000";"Nariño";"Cali";"ECF4"
"Aldana";"52022000";"Nariño";"Cali";"ECF4"
"Ancuyá";"52036000";"Nariño";"Cali";"ECF4"
"Berruecos";"52051000";"Nariño";"Cali";"ECF4"
"Barbacoas";"52079000";"Nariño";"Cali";"ECF4"
"Belén";"52083000";"Nariño";"Cali";"ECF4"
"Buesaco";"52110000";"Nariño";"Cali";"ECF4"
"Génova";"52203000";"Nariño";"Cali";"ECF4"
"Consacá";"52207000";"Nariño";"Cali";"ECF4"
"Contadero";"52210000";"Nariño";"Cali";"ECF4"
"Córdoba";"52215000";"Nariño";"Cali";"ECF4"
"Carlosama";"52224000";"Nariño";"Cali";"ECF4"
"Cumbal";"52227000";"Nariño";"Cali";"ECF4"
"Cumbitara";"52233000";"Nariño";"Cali";"ECF4"
"Chachagüí";"52240000";"Nariño";"Cali";"ECF4"
"El Charco";"52250000";"Nariño";"Cali";"ECF4"
"El Peñol";"52254000";"Nariño";"Cali";"ECF4"
"El Rosario";"52256000";"Nariño";"Cali";"ECF4"
"El Tablón De Gómez";"52258000";"Nariño";"Cali";"ECF4"
"El Tambo";"52260000";"Nariño";"Cali";"ECF4"
"Funes";"52287000";"Nariño";"Cali";"ECF4"
"Guachucal";"52317000";"Nariño";"Cali";"ECF4"
"Guaitarilla";"52320000";"Nariño";"Cali";"ECF4"
"Gualmatán";"52323000";"Nariño";"Cali";"ECF4"
"Iles";"52352000";"Nariño";"Cali";"ECF4"
"Imués";"52354000";"Nariño";"Cali";"ECF4"
"Ipiales";"52356000";"Nariño";"Cali";"ECF4"
"La Cruz";"52378000";"Nariño";"Cali";"ECF4"
"La Florida";"52381000";"Nariño";"Cali";"ECF4"
"La Llanada";"52385000";"Nariño";"Cali";"ECF4"
"La Unión";"52399000";"Nariño";"Cali";"ECF4"
"Leiva";"52405000";"Nariño";"Cali";"ECF4"
"Linares";"52411000";"Nariño";"Cali";"ECF4"
"Sotomayor";"52418000";"Nariño";"Cali";"ECF4"
"Piedrancha";"52435000";"Nariño";"Cali";"ECF4"
"Nariño";"52480000";"Nariño";"Cali";"ECF4"
"Ospina";"52506000";"Nariño";"Cali";"ECF4"
"Policarpa";"52540000";"Nariño";"Cali";"ECF4"
"Potosí";"52560000";"Nariño";"Cali";"ECF4"
"Providencia";"52565000";"Nariño";"Cali";"ECF4"
"Puerres";"52573000";"Nariño";"Cali";"ECF4"
"Pupiales";"52585000";"Nariño";"Cali";"ECF4"
"Ricaurte";"52612000";"Nariño";"Cali";"ECF4"
"Samaniego";"52678000";"Nariño";"Cali";"ECF4"
"Sandoná";"52683000";"Nariño";"Cali";"ECF4"
"San Bernardo";"52685000";"Nariño";"Cali";"ECF4"
"San Lorenzo";"52687000";"Nariño";"Cali";"ECF4"
"San Pablo";"52693000";"Nariño";"Cali";"ECF4"
"San Pedro De Cartago";"52694000";"Nariño";"Cali";"ECF4"
"Guachavés";"52699000";"Nariño";"Cali";"ECF4"
"Sapuyes";"52720000";"Nariño";"Cali";"ECF4"
"Taminango";"52786000";"Nariño";"Cali";"ECF4"
"Tangua";"52788000";"Nariño";"Cali";"ECF4"
"Tumaco";"52835000";"Nariño";"Cali";"ECF4"
"Túquerres";"52838000";"Nariño";"Cali";"ECF4"
"Yacuanquer";"52885000";"Nariño";"Cali";"ECF4"
"Armenia";"63001000";"Quindio";"Cali";"ECF4"
"Buenavista";"63111000";"Quindio";"Cali";"ECF4"
"Calarcá";"63130000";"Quindio";"Cali";"ECF4"
"Circasia";"63190000";"Quindio";"Cali";"ECF4"
"Córdoba";"63212000";"Quindio";"Cali";"ECF4"
"Filandia";"63272000";"Quindio";"Cali";"ECF4"
"Génova";"63302000";"Quindio";"Cali";"ECF4"
"La Tebaida";"63401000";"Quindio";"Cali";"ECF4"
"Montenegro";"63470000";"Quindio";"Cali";"ECF4"
"Pijao";"63548000";"Quindio";"Cali";"ECF4"
"Quimbaya";"63594000";"Quindio";"Cali";"ECF4"
"Salento";"63690000";"Quindio";"Cali";"ECF4"
"Pereira";"66001000";"Risaralda";"Cali";"ECF4"
"Apía";"66045000";"Risaralda";"Cali";"ECF4"
"Balboa";"66075000";"Risaralda";"Cali";"ECF4"
"Belén De Umbría";"66088000";"Risaralda";"Cali";"ECF4"
"Dosquebradas";"66170000";"Risaralda";"Cali";"ECF4"
"Guática";"66318000";"Risaralda";"Cali";"ECF4"
"La Celia";"66383000";"Risaralda";"Cali";"ECF4"
"La Virginia";"66400000";"Risaralda";"Cali";"ECF4"
"Marsella";"66440000";"Risaralda";"Cali";"ECF4"
"Mistrató";"66456000";"Risaralda";"Cali";"ECF4"
"Pueblo Rico";"66572000";"Risaralda";"Cali";"ECF4"
"Quinchía";"66594000";"Risaralda";"Cali";"ECF4"
"Santa Rosa De Cabal";"66682000";"Risaralda";"Cali";"ECF4"
"Santuario";"66687000";"Risaralda";"Cali";"ECF4"
"Cali";"76001000";"Valle Del Cauca";"Cali";"ECF4"
"Alcalá";"76020000";"Valle Del Cauca";"Cali";"ECF4"
"Andalucía";"76036000";"Valle Del Cauca";"Cali";"ECF4"
"Ansermanuevo";"76041000";"Valle Del Cauca";"Cali";"ECF4"
"Argelia";"76054000";"Valle Del Cauca";"Cali";"ECF4"
"Bolívar";"76100000";"Valle Del Cauca";"Cali";"ECF4"
"Buenaventura";"76109000";"Valle Del Cauca";"Cali";"ECF4"
"Guadalajara De Buga";"76111000";"Valle Del Cauca";"Cali";"ECF4"
"Bugalagrande";"76113000";"Valle Del Cauca";"Cali";"ECF4"
"Caicedonia";"76122000";"Valle Del Cauca";"Cali";"ECF4"
"Darién";"76126000";"Valle Del Cauca";"Cali";"ECF4"
"Candelaria";"76130000";"Valle Del Cauca";"Cali";"ECF4"
"Cartago";"76147000";"Valle Del Cauca";"Cali";"ECF4"
"Dagua";"76233000";"Valle Del Cauca";"Cali";"ECF4"
"El Águila";"76243000";"Valle Del Cauca";"Cali";"ECF4"
"El Cairo";"76246000";"Valle Del Cauca";"Cali";"ECF4"
"El Cerrito";"76248000";"Valle Del Cauca";"Cali";"ECF4"
"El Dovio";"76250000";"Valle Del Cauca";"Cali";"ECF4"
"Florida";"76275000";"Valle Del Cauca";"Cali";"ECF4"
"Ginebra";"76306000";"Valle Del Cauca";"Cali";"ECF4"
"Guacarí";"76318000";"Valle Del Cauca";"Cali";"ECF4"
"Jamundí";"76364000";"Valle Del Cauca";"Cali";"ECF4"
"La Cumbre";"76377000";"Valle Del Cauca";"Cali";"ECF4"
"La Unión";"76400000";"Valle Del Cauca";"Cali";"ECF4"
"La Victoria";"76403000";"Valle Del Cauca";"Cali";"ECF4"
"Obando";"76497000";"Valle Del Cauca";"Cali";"ECF4"
"Palmira";"76520000";"Valle Del Cauca";"Cali";"ECF4"
"Pradera";"76563000";"Valle Del Cauca";"Cali";"ECF4"
"Restrepo";"76606000";"Valle Del Cauca";"Cali";"ECF4"
"Riofrío";"76616000";"Valle Del Cauca";"Cali";"ECF4"
"Roldanillo";"76622000";"Valle Del Cauca";"Cali";"ECF4"
"San Pedro";"76670000";"Valle Del Cauca";"Cali";"ECF4"
"Sevilla";"76736000";"Valle Del Cauca";"Cali";"ECF4"
"Toro";"76823000";"Valle Del Cauca";"Cali";"ECF4"
"Trujillo";"76828000";"Valle Del Cauca";"Cali";"ECF4"
"Tuluá";"76834000";"Valle Del Cauca";"Cali";"ECF4"
"Ulloa";"76845000";"Valle Del Cauca";"Cali";"ECF4"
"Versalles";"76863000";"Valle Del Cauca";"Cali";"ECF4"
"Vijes";"76869000";"Valle Del Cauca";"Cali";"ECF4"
"Yotoco";"76890000";"Valle Del Cauca";"Cali";"ECF4"
"Yumbo";"76892000";"Valle Del Cauca";"Cali";"ECF4"
"Zarzal";"76895000";"Valle Del Cauca";"Cali";"ECF4"
"Cali";"76001000";"Valle";"Cali";"ECF4"
"Alcalá";"76020000";"Valle";"Cali";"ECF4"
"Andalucía";"76036000";"Valle";"Cali";"ECF4"
"Ansermanuevo";"76041000";"Valle";"Cali";"ECF4"
"Argelia";"76054000";"Valle";"Cali";"ECF4"
"Bolívar";"76100000";"Valle";"Cali";"ECF4"
"Buenaventura";"76109000";"Valle";"Cali";"ECF4"
"Guadalajara De Buga";"76111000";"Valle";"Cali";"ECF4"
"Bugalagrande";"76113000";"Valle";"Cali";"ECF4"
"Caicedonia";"76122000";"Valle";"Cali";"ECF4"
"Darién";"76126000";"Valle";"Cali";"ECF4"
"Candelaria";"76130000";"Valle";"Cali";"ECF4"
"Cartago";"76147000";"Valle";"Cali";"ECF4"
"Dagua";"76233000";"Valle";"Cali";"ECF4"
"El Águila";"76243000";"Valle";"Cali";"ECF4"
"El Cairo";"76246000";"Valle";"Cali";"ECF4"
"El Cerrito";"76248000";"Valle";"Cali";"ECF4"
"El Dovio";"76250000";"Valle";"Cali";"ECF4"
"Florida";"76275000";"Valle";"Cali";"ECF4"
"Ginebra";"76306000";"Valle";"Cali";"ECF4"
"Guacarí";"76318000";"Valle";"Cali";"ECF4"
"Jamundí";"76364000";"Valle";"Cali";"ECF4"
"La Cumbre";"76377000";"Valle";"Cali";"ECF4"
"La Unión";"76400000";"Valle";"Cali";"ECF4"
"La Victoria";"76403000";"Valle";"Cali";"ECF4"
"Obando";"76497000";"Valle";"Cali";"ECF4"
"Palmira";"76520000";"Valle";"Cali";"ECF4"
"Pradera";"76563000";"Valle";"Cali";"ECF4"
"Restrepo";"76606000";"Valle";"Cali";"ECF4"
"Riofrío";"76616000";"Valle";"Cali";"ECF4"
"Roldanillo";"76622000";"Valle";"Cali";"ECF4"
"San Pedro";"76670000";"Valle";"Cali";"ECF4"
"Sevilla";"76736000";"Valle";"Cali";"ECF4"
"Toro";"76823000";"Valle";"Cali";"ECF4"
"Trujillo";"76828000";"Valle";"Cali";"ECF4"
"Tuluá";"76834000";"Valle";"Cali";"ECF4"
"Ulloa";"76845000";"Valle";"Cali";"ECF4"
"Versalles";"76863000";"Valle";"Cali";"ECF4"
"Vijes";"76869000";"Valle";"Cali";"ECF4"
"Yotoco";"76890000";"Valle";"Cali";"ECF4"
"Yumbo";"76892000";"Valle";"Cali";"ECF4"
"Zarzal";"76895000";"Valle";"Cali";"ECF4"
"Santiago De Cali";"76001000";"Valle Del Cauca";"Cali";"ECF4"
"Santiago De Cali";"76001000";"Valle";"Cali";"ECF4"
"Pasto";"52001000";"Nariño";"Cali";"ECF4"
